plot,JUDE2,PICE,PIPO,PIST3,QUEM,QUGA,QUGR2,QUGR3,QUHY,easting ,northing,long,lat,,,,,,,,,,,,,,,,,,,,,,,,,,
D1,50,47,0,0,0,0,0,64,39,580976,3391026,-104.155,30.6492,,,,,,,,,,,,,,,,,,,,,,,,,,
D10,34,106,0,0,0,0,0,28,31,582155,3391012,-104.143,30.649,,,,,,,,,,,,,,,,,,,,,,,,,,
D100,29,24,0,0,4,0,0,74,69,580937,3397014,-104.155,30.7032,,,,,,,,,,,,,,,,,,,,,,,,,,
D101,31,21,17,0,12,0,29,75,16,581547,3397022,-104.148,30.7032,,,,,,,,,,,,,,,,,,,,,,,,,,
D102,33,72,0,0,0,0,0,54,42,582142,3397020,-104.142,30.7032,,,,,,,,,,,,,,,,,,,,,,,,,,
D103,35,55,0,0,0,0,0,55,55,582739,3397019,-104.136,30.7031,,,,,,,,,,,,,,,,,,,,,,,,,,
D104,182,18,0,0,0,0,0,0,0,583348,3397021,-104.13,30.7031,,,,,,,,,,,,,,,,,,,,,,,,,,
D105,41,56,0,0,0,0,0,60,44,583941,3397017,-104.123,30.703,,,,,,,,,,,,,,,,,,,,,,,,,,
D106,200,0,0,0,0,0,0,0,0,584539,3397019,-104.117,30.703,,,,,,,,,,,,,,,,,,,,,,,,,,
D107,0,41,0,0,0,0,0,89,71,579135,3396420,-104.174,30.698,,,,,,,,,,,,,,,,,,,,,,,,,,
D108,60,40,0,0,0,0,0,67,33,579747,3396429,-104.167,30.698,,,,,,,,,,,,,,,,,,,,,,,,,,
D109,0,87,22,0,16,0,0,14,61,580338,3396420,-104.161,30.6979,,,,,,,,,,,,,,,,,,,,,,,,,,
D11,51,64,0,0,0,0,0,45,40,581551,3391010,-104.149,30.649,,,,,,,,,,,,,,,,,,,,,,,,,,
D110,6,86,0,0,12,0,9,44,35,579139,3395824,-104.174,30.6926,,,,,,,,,,,,,,,,,,,,,,,,,,
D111,0,0,0,0,3,0,0,98,99,579742,3395825,-104.167,30.6925,,,,,,,,,,,,,,,,,,,,,,,,,,
D112,44,61,0,0,3,0,0,57,36,580341,3395826,-104.161,30.6925,,,,,,,,,,,,,,,,,,,,,,,,,,
D113,0,0,0,0,0,0,0,100,100,579746,3395217,-104.167,30.6871,,,,,,,,,,,,,,,,,,,,,,,,,,
D114,0,0,0,0,200,0,0,0,0,579744,3394023,-104.168,30.6763,,,,,,,,,,,,,,,,,,,,,,,,,,
D115,0,59,0,0,7,0,0,69,66,580341,3394016,-104.161,30.6762,,,,,,,,,,,,,,,,,,,,,,,,,,
D116,67,117,0,0,0,0,0,13,0,580943,3394001,-104.155,30.676,,,,,,,,,,,,,,,,,,,,,,,,,,
D117,41,159,0,0,0,0,0,0,0,581543,3394015,-104.149,30.6761,,,,,,,,,,,,,,,,,,,,,,,,,,
D118,30,22,62,0,0,0,0,55,32,579743,3393422,-104.168,30.6709,,,,,,,,,,,,,,,,,,,,,,,,,,
D119,46,111,0,0,0,0,0,27,16,580341,3393416,-104.161,30.6708,,,,,,,,,,,,,,,,,,,,,,,,,,
D12,0,60,0,0,0,0,0,71,70,580970,3391618,-104.155,30.6545,,,,,,,,,,,,,,,,,,,,,,,,,,
D120,58,61,0,0,0,0,0,49,32,577940,3392226,-104.186,30.6602,,,,,,,,,,,,,,,,,,,,,,,,,,
D121,35,145,0,0,0,0,0,10,11,578537,3392228,-104.18,30.6602,,,,,,,,,,,,,,,,,,,,,,,,,,
D122,57,0,0,0,0,0,0,67,76,577942,3391620,-104.186,30.6547,,,,,,,,,,,,,,,,,,,,,,,,,,
D123,0,99,0,0,0,0,0,56,45,578542,3391620,-104.18,30.6547,,,,,,,,,,,,,,,,,,,,,,,,,,
D124,60,37,0,0,0,0,0,50,53,577943,3391020,-104.187,30.6493,,,,,,,,,,,,,,,,,,,,,,,,,,
D125,61,51,0,0,0,0,0,47,41,578535,3391024,-104.18,30.6493,,,,,,,,,,,,,,,,,,,,,,,,,,
D126,95,95,0,0,0,0,0,3,6,579139,3391022,-104.174,30.6493,,,,,,,,,,,,,,,,,,,,,,,,,,
D127,0,59,0,0,0,0,0,54,78,577939,3390423,-104.187,30.6439,,,,,,,,,,,,,,,,,,,,,,,,,,
D128,13,9,0,0,0,0,0,90,88,578543,3390425,-104.18,30.6439,,,,,,,,,,,,,,,,,,,,,,,,,,
D129,66,97,0,0,0,0,0,25,12,579148,3390425,-104.174,30.6439,,,,,,,,,,,,,,,,,,,,,,,,,,
D13,4,49,0,0,0,0,0,76,70,581553,3391633,-104.149,30.6546,,,,,,,,,,,,,,,,,,,,,,,,,,
D130,17,73,0,0,0,0,0,62,49,579746,3390422,-104.168,30.6438,,,,,,,,,,,,,,,,,,,,,,,,,,
D131,0,200,0,0,0,0,0,0,0,580341,3390422,-104.162,30.6438,,,,,,,,,,,,,,,,,,,,,,,,,,
D132,22,41,0,0,0,0,0,74,63,580928,3390421,-104.155,30.6437,,,,,,,,,,,,,,,,,,,,,,,,,,
D133,65,57,0,0,0,0,0,41,37,581546,3390421,-104.149,30.6437,,,,,,,,,,,,,,,,,,,,,,,,,,
D134,39,73,0,0,0,0,0,28,59,582140,3390423,-104.143,30.6436,,,,,,,,,,,,,,,,,,,,,,,,,,
D135,98,40,0,0,0,0,0,45,17,582740,3390423,-104.137,30.6436,,,,,,,,,,,,,,,,,,,,,,,,,,
D136,0,49,0,0,20,0,0,68,55,583340,3390423,-104.13,30.6436,,,,,,,,,,,,,,,,,,,,,,,,,,
D138,38,162,0,0,0,0,0,0,0,577955,3389815,-104.186,30.6384,,,,,,,,,,,,,,,,,,,,,,,,,,
D139,0,200,0,0,0,0,0,0,0,578544,3389820,-104.18,30.6384,,,,,,,,,,,,,,,,,,,,,,,,,,
D14,18,79,0,0,5,0,0,43,55,581541,3392222,-104.149,30.6599,,,,,,,,,,,,,,,,,,,,,,,,,,
D141,84,20,0,0,0,96,0,0,0,579748,3389836,-104.168,30.6385,,,,,,,,,,,,,,,,,,,,,,,,,,
D142,47,93,0,0,0,0,0,23,37,582747,3389814,-104.136,30.6381,,,,,,,,,,,,,,,,,,,,,,,,,,
D15,34,126,0,0,0,0,0,17,23,583310,3391640,-104.13,30.6545,,,,,,,,,,,,,,,,,,,,,,,,,,
D150,23,151,0,0,0,0,0,17,10,580341,3394622,-104.161,30.6817,,,,,,,,,,,,,,,,,,,,,,,,,,
D151,38,79,0,0,0,0,0,54,30,579740,3394618,-104.167,30.6817,,,,,,,,,,,,,,,,,,,,,,,,,,
D155,22,115,0,0,0,0,0,29,35,579139,3391617,-104.174,30.6546,,,,,,,,,,,,,,,,,,,,,,,,,,
D156,12,128,8,0,0,0,0,29,24,584539,3391611,-104.118,30.6542,,,,,,,,,,,,,,,,,,,,,,,,,,
D157,53,62,0,0,0,0,0,41,44,584542,3392225,-104.118,30.6597,,,,,,,,,,,,,,,,,,,,,,,,,,
D158,152,23,0,0,0,0,0,11,14,586943,3395221,-104.092,30.6866,,,,,,,,,,,,,,,,,,,,,,,,,,
D159,149,32,0,0,0,0,0,5,13,587541,3395220,-104.086,30.6865,,,,,,,,,,,,,,,,,,,,,,,,,,
D16,10,77,0,0,29,0,0,44,40,582713,3391641,-104.137,30.6546,,,,,,,,,,,,,,,,,,,,,,,,,,
D160,142,0,0,0,0,0,0,33,25,588138,3395215,-104.08,30.6865,,,,,,,,,,,,,,,,,,,,,,,,,,
D161,160,29,0,0,0,0,0,6,5,584538,3394622,-104.117,30.6814,,,,,,,,,,,,,,,,,,,,,,,,,,
D162,45,26,0,0,0,0,0,74,55,585144,3394623,-104.111,30.6813,,,,,,,,,,,,,,,,,,,,,,,,,,
D163,127,17,0,0,0,0,0,22,33,585736,3394623,-104.105,30.6813,,,,,,,,,,,,,,,,,,,,,,,,,,
D164,145,56,0,0,0,0,0,0,0,586333,3394616,-104.099,30.6812,,,,,,,,,,,,,,,,,,,,,,,,,,
D165,70,33,0,0,0,0,0,66,31,586941,3394625,-104.092,30.6812,,,,,,,,,,,,,,,,,,,,,,,,,,
D166,103,0,0,0,0,0,0,62,35,587536,3394622,-104.086,30.6811,,,,,,,,,,,,,,,,,,,,,,,,,,
D167,24,32,0,0,0,0,0,60,83,588140,3394619,-104.08,30.6811,,,,,,,,,,,,,,,,,,,,,,,,,,
D168,30,73,0,0,84,0,0,7,6,584535,3394025,-104.117,30.676,,,,,,,,,,,,,,,,,,,,,,,,,,
D169,57,70,0,0,0,0,0,38,36,585141,3394010,-104.111,30.6758,,,,,,,,,,,,,,,,,,,,,,,,,,
D17,49,73,0,0,0,0,0,39,40,582713,3392248,-104.137,30.6601,,,,,,,,,,,,,,,,,,,,,,,,,,
D170,89,49,0,0,0,0,0,26,36,585741,3394022,-104.105,30.6759,,,,,,,,,,,,,,,,,,,,,,,,,,
D171,0,37,0,0,0,0,0,88,76,586348,3394021,-104.099,30.6758,,,,,,,,,,,,,,,,,,,,,,,,,,
D172,0,81,0,0,0,0,0,56,40,586941,3394023,-104.092,30.6758,,,,,,,,,,,,,,,,,,,,,,,,,,
D173,132,68,0,0,0,0,0,0,0,587544,3394023,-104.086,30.6757,,,,,,,,,,,,,,,,,,,,,,,,,,
D174,35,0,0,0,0,0,0,80,85,588141,3394019,-104.08,30.6757,,,,,,,,,,,,,,,,,,,,,,,,,,
D175,16,0,94,0,0,0,0,29,27,584539,3393419,-104.117,30.6705,,,,,,,,,,,,,,,,,,,,,,,,,,
D176,0,25,0,0,0,0,0,91,84,585142,3393415,-104.111,30.6704,,,,,,,,,,,,,,,,,,,,,,,,,,
D177,0,25,26,0,0,0,0,76,68,585740,3393421,-104.105,30.6704,,,,,,,,,,,,,,,,,,,,,,,,,,
D178,17,28,120,0,0,0,6,29,0,586337,3393419,-104.099,30.6704,,,,,,,,,,,,,,,,,,,,,,,,,,
D179,135,65,0,0,0,0,0,0,0,586940,3393421,-104.092,30.6704,,,,,,,,,,,,,,,,,,,,,,,,,,
D18,41,36,0,0,0,13,0,68,42,580963,3392228,-104.155,30.66,,,,,,,,,,,,,,,,,,,,,,,,,,
D180,125,45,0,0,0,0,0,17,14,587541,3393417,-104.086,30.6703,,,,,,,,,,,,,,,,,,,,,,,,,,
D181,0,133,0,0,0,0,0,40,27,588140,3393421,-104.08,30.6703,,,,,,,,,,,,,,,,,,,,,,,,,,
D182,0,111,0,0,0,0,0,35,54,585142,3392830,-104.111,30.6652,,,,,,,,,,,,,,,,,,,,,,,,,,
D183,53,55,6,0,0,0,0,37,49,585737,3392820,-104.105,30.665,,,,,,,,,,,,,,,,,,,,,,,,,,
D184,101,68,0,0,0,0,0,14,17,586326,3392815,-104.099,30.6649,,,,,,,,,,,,,,,,,,,,,,,,,,
D185,0,27,0,0,0,0,0,87,86,586949,3392820,-104.092,30.6649,,,,,,,,,,,,,,,,,,,,,,,,,,
D186,0,30,0,0,0,0,0,78,92,587540,3392810,-104.086,30.6648,,,,,,,,,,,,,,,,,,,,,,,,,,
D187,0,23,70,70,0,28,6,0,0,588140,3392819,-104.08,30.6648,,,,,,,,,,,,,,,,,,,,,,,,,,
D188,73,54,21,0,0,0,0,22,31,585141,3392223,-104.111,30.6597,,,,,,,,,,,,,,,,,,,,,,,,,,
D189,63,126,0,0,0,0,0,4,7,585739,3392224,-104.105,30.6596,,,,,,,,,,,,,,,,,,,,,,,,,,
D19,129,71,0,0,0,0,0,0,0,581542,3392823,-104.149,30.6653,,,,,,,,,,,,,,,,,,,,,,,,,,
D190,10,89,0,0,0,0,0,58,42,586336,3392222,-104.099,30.6596,,,,,,,,,,,,,,,,,,,,,,,,,,
D191,0,200,0,0,0,0,0,0,0,586947,3392220,-104.092,30.6595,,,,,,,,,,,,,,,,,,,,,,,,,,
D192,0,77,0,0,0,0,0,59,64,587538,3392226,-104.086,30.6595,,,,,,,,,,,,,,,,,,,,,,,,,,
D193,12,88,16,0,0,0,0,50,34,585140,3391624,-104.111,30.6543,,,,,,,,,,,,,,,,,,,,,,,,,,
D194,0,0,0,0,0,0,0,3,93,585745,3391615,-104.105,30.6541,,,,,,,,,,,,,,,,,,,,,,,,,,
D195,52,97,0,0,0,0,0,25,26,577940,3389215,-104.187,30.633,,,,,,,,,,,,,,,,,,,,,,,,,,
D196,0,41,0,0,0,0,0,67,93,578543,3389215,-104.18,30.633,,,,,,,,,,,,,,,,,,,,,,,,,,
D197,200,0,0,0,0,0,0,0,0,579144,3389218,-104.174,30.633,,,,,,,,,,,,,,,,,,,,,,,,,,
D198,49,9,0,0,0,0,0,82,61,579700,3389215,-104.168,30.6329,,,,,,,,,,,,,,,,,,,,,,,,,,
D199,53,74,0,0,31,0,0,21,21,577935,3388623,-104.187,30.6277,,,,,,,,,,,,,,,,,,,,,,,,,,
D2,107,33,26,0,27,0,0,2,4,583956,3393440,-104.124,30.6707,,,,,,,,,,,,,,,,,,,,,,,,,,
D20,89,7,0,0,0,0,0,75,30,582150,3393419,-104.142,30.6707,,,,,,,,,,,,,,,,,,,,,,,,,,
D200,44,3,11,0,0,0,0,67,65,578545,3388631,-104.18,30.6277,,,,,,,,,,,,,,,,,,,,,,,,,,
D201,0,0,0,0,0,200,0,0,0,579137,3388625,-104.174,30.6276,,,,,,,,,,,,,,,,,,,,,,,,,,
D205,28,39,13,0,0,0,0,46,58,576738,3390424,-104.199,30.644,,,,,,,,,,,,,,,,,,,,,,,,,,
D206,46,16,11,20,7,0,0,28,71,577336,3390424,-104.193,30.644,,,,,,,,,,,,,,,,,,,,,,,,,,
D21,156,5,0,0,0,0,0,10,29,583925,3392266,-104.124,30.6601,,,,,,,,,,,,,,,,,,,,,,,,,,
D217,72,55,0,0,0,0,0,29,44,585739,3396419,-104.105,30.6975,,,,,,,,,,,,,,,,,,,,,,,,,,
D218,66,0,0,0,0,0,0,60,74,586942,3396421,-104.092,30.6974,,,,,,,,,,,,,,,,,,,,,,,,,,
D219,35,73,0,0,0,0,0,55,36,588143,3396417,-104.08,30.6973,,,,,,,,,,,,,,,,,,,,,,,,,,
D22,0,155,0,0,46,0,0,0,0,583323,3392247,-104.13,30.66,,,,,,,,,,,,,,,,,,,,,,,,,,
D220,97,29,0,0,0,0,0,22,52,585140,3397020,-104.111,30.703,,,,,,,,,,,,,,,,,,,,,,,,,,
D221,116,48,0,0,0,0,0,10,26,585715,3397018,-104.105,30.7029,,,,,,,,,,,,,,,,,,,,,,,,,,
D222,11,154,0,0,0,0,0,17,18,586335,3397019,-104.098,30.7029,,,,,,,,,,,,,,,,,,,,,,,,,,
D223,46,39,0,0,0,0,0,47,67,586946,3397014,-104.092,30.7028,,,,,,,,,,,,,,,,,,,,,,,,,,
D224,128,72,0,0,0,0,0,0,0,587544,3397018,-104.086,30.7028,,,,,,,,,,,,,,,,,,,,,,,,,,
D226,124,76,0,0,0,0,0,0,0,585143,3397624,-104.111,30.7084,,,,,,,,,,,,,,,,,,,,,,,,,,
D227,112,34,0,0,0,0,0,23,31,585712,3397622,-104.105,30.7083,,,,,,,,,,,,,,,,,,,,,,,,,,
D228,100,48,0,0,0,0,0,29,23,586339,3397623,-104.098,30.7083,,,,,,,,,,,,,,,,,,,,,,,,,,
D229,57,45,0,0,0,0,0,39,60,586946,3397626,-104.092,30.7083,,,,,,,,,,,,,,,,,,,,,,,,,,
D23,136,42,0,0,0,0,0,11,12,582713,3392862,-104.137,30.6656,,,,,,,,,,,,,,,,,,,,,,,,,,
D230,102,81,0,0,0,0,2,9,6,587542,3397622,-104.086,30.7082,,,,,,,,,,,,,,,,,,,,,,,,,,
D232,128,9,0,0,0,0,0,29,33,585143,3398233,-104.111,30.7139,,,,,,,,,,,,,,,,,,,,,,,,,,
D233,167,15,0,0,0,0,0,7,11,585748,3398237,-104.104,30.7139,,,,,,,,,,,,,,,,,,,,,,,,,,
D234,103,25,0,0,0,0,0,23,49,586336,3398221,-104.098,30.7137,,,,,,,,,,,,,,,,,,,,,,,,,,
D235,47,63,0,0,0,0,0,64,26,586945,3398228,-104.092,30.7137,,,,,,,,,,,,,,,,,,,,,,,,,,
D236,133,47,0,0,0,0,0,6,14,587539,3398226,-104.086,30.7137,,,,,,,,,,,,,,,,,,,,,,,,,,
D237,60,141,0,0,0,0,0,0,0,584540,3398824,-104.117,30.7193,,,,,,,,,,,,,,,,,,,,,,,,,,
D238,37,95,0,0,0,0,0,27,41,585142,3398823,-104.111,30.7192,,,,,,,,,,,,,,,,,,,,,,,,,,
D239,42,122,0,0,0,0,0,20,15,585742,3398823,-104.104,30.7192,,,,,,,,,,,,,,,,,,,,,,,,,,
D24,200,0,0,0,0,0,0,0,0,583370,3393426,-104.13,30.6707,,,,,,,,,,,,,,,,,,,,,,,,,,
D240,100,38,0,0,0,0,0,33,29,586341,3398824,-104.098,30.7191,,,,,,,,,,,,,,,,,,,,,,,,,,
D241,182,18,0,0,0,0,0,0,0,586949,3398823,-104.092,30.7191,,,,,,,,,,,,,,,,,,,,,,,,,,
D242,28,131,0,0,0,0,0,25,17,584537,3399423,-104.117,30.7247,,,,,,,,,,,,,,,,,,,,,,,,,,
D243,0,72,0,0,0,0,0,60,68,585142,3399420,-104.111,30.7246,,,,,,,,,,,,,,,,,,,,,,,,,,
D244,0,0,91,0,0,0,0,38,0,0,0,-109.489,0,,,,,,,,,,,,,,,,,,,,,,,,,20262,21
D245,0,0,0,97,0,0,0,38,0,0,0,-109.489,0,,,,,,,,,,,,,,,,,,,,,,,,,22905,1
D246,0,0,70,31,0,0,0,42,0,0,0,-109.489,0,,,,,,,,,,,,,,,,,,,,,,,,,21030,10
D247,0,93,0,0,0,0,0,47,60,587536,3399427,-104.086,30.7245,,,,,,,,,,,,,,,,,,,,,,,,,,
D248,37,92,0,0,0,0,0,35,35,587542,3396421,-104.086,30.6974,,,,,,,,,,,,,,,,,,,,,,,,,,
D249,93,54,0,0,0,0,0,23,30,584537,3400024,-104.117,30.7301,,,,,,,,,,,,,,,,,,,,,,,,,,
D25,9,104,0,0,0,0,0,40,47,583964,3391622,-104.124,30.6543,,,,,,,,,,,,,,,,,,,,,,,,,,
D250,53,37,0,0,0,0,0,67,44,585147,3400025,-104.111,30.7301,,,,,,,,,,,,,,,,,,,,,,,,,,
D251,117,83,0,0,0,0,0,0,0,585742,3400025,-104.104,30.73,,,,,,,,,,,,,,,,,,,,,,,,,,
D252,0,15,0,0,0,0,0,94,91,586337,3400028,-104.098,30.73,,,,,,,,,,,,,,,,,,,,,,,,,,
D253,44,141,0,0,0,0,0,9,5,586945,3400023,-104.092,30.7299,,,,,,,,,,,,,,,,,,,,,,,,,,
D254,71,75,0,0,0,0,0,26,28,587545,3400017,-104.086,30.7298,,,,,,,,,,,,,,,,,,,,,,,,,,
D255,0,105,0,0,0,0,0,60,35,586331,3400626,-104.098,30.7354,,,,,,,,,,,,,,,,,,,,,,,,,,
D256,47,84,0,0,0,0,0,33,36,586940,3400632,-104.092,30.7354,,,,,,,,,,,,,,,,,,,,,,,,,,
D257,0,0,36,100,0,0,0,24,41,587549,3400634,-104.085,30.7354,,,,,,,,,,,,,,,,,,,,,,,,,,
D258,61,96,0,0,0,0,0,30,13,588138,3400622,-104.079,30.7352,,,,,,,,,,,,,,,,,,,,,,,,,,
D259,137,35,0,0,0,0,0,20,8,588742,3400614,-104.073,30.7351,,,,,,,,,,,,,,,,,,,,,,,,,,
D26,0,200,0,0,0,0,0,0,0,583376,3391020,-104.13,30.6489,,,,,,,,,,,,,,,,,,,,,,,,,,
D260,37,6,0,0,12,0,35,33,37,589339,3400630,-104.067,30.7352,,,,,,,,,,,,,,,,,,,,,,,,,,
D265,0,0,0,0,0,0,66,17,34,587543,3401223,-104.085,30.7407,,,,,,,,,,,,,,,,,,,,,,,,,,
D266,45,52,0,0,0,0,0,57,45,588141,3401214,-104.079,30.7406,,,,,,,,,,,,,,,,,,,,,,,,,,
D267,14,78,0,0,0,0,0,58,50,588738,3401224,-104.073,30.7406,,,,,,,,,,,,,,,,,,,,,,,,,,
D268,0,104,0,0,0,0,0,44,52,589338,3401225,-104.067,30.7406,,,,,,,,,,,,,,,,,,,,,,,,,,
D269,12,8,0,0,0,0,0,86,94,588736,3401821,-104.073,30.746,,,,,,,,,,,,,,,,,,,,,,,,,,
D27,13,112,0,0,30,0,0,15,14,582753,3391000,-104.136,30.6488,,,,,,,,,,,,,,,,,,,,,,,,,,
D270,30,49,0,0,0,0,0,59,63,589339,3401823,-104.067,30.746,,,,,,,,,,,,,,,,,,,,,,,,,,
D274,188,0,0,0,0,0,0,7,5,588140,3401823,-104.079,30.7461,,,,,,,,,,,,,,,,,,,,,,,,,,
D28,38,114,0,0,24,0,0,14,11,582132,3391590,-104.143,30.6542,,,,,,,,,,,,,,,,,,,,,,,,,,
D29,39,63,23,0,0,0,0,44,27,582147,3392222,-104.143,30.6599,,,,,,,,,,,,,,,,,,,,,,,,,,
D3,36,120,0,0,0,0,0,19,25,584577,3392829,-104.117,30.6652,,,,,,,,,,,,,,,,,,,,,,,,,,
D30,105,81,0,0,0,0,0,4,10,583361,3392836,-104.13,30.6653,,,,,,,,,,,,,,,,,,,,,,,,,,
D31,106,67,0,0,0,0,0,10,17,583975,3392829,-104.123,30.6652,,,,,,,,,,,,,,,,,,,,,,,,,,
D32,113,14,18,0,0,0,0,31,24,582756,3393412,-104.136,30.6706,,,,,,,,,,,,,,,,,,,,,,,,,,
D33,152,23,0,0,0,0,0,3,22,583339,3394015,-104.13,30.676,,,,,,,,,,,,,,,,,,,,,,,,,,
D34,177,15,0,0,0,0,0,3,5,583933,3394023,-104.124,30.676,,,,,,,,,,,,,,,,,,,,,,,,,,
D35,73,34,0,0,0,0,0,37,56,583937,3394622,-104.124,30.6814,,,,,,,,,,,,,,,,,,,,,,,,,,
D36,48,85,0,0,13,0,0,21,33,583337,3394618,-104.13,30.6814,,,,,,,,,,,,,,,,,,,,,,,,,,
D37,125,44,0,0,0,0,0,6,14,583339,3395223,-104.13,30.6869,,,,,,,,,,,,,,,,,,,,,,,,,,
D38,75,125,0,0,0,0,0,0,0,583941,3395228,-104.124,30.6869,,,,,,,,,,,,,,,,,,,,,,,,,,
D39,118,58,0,0,0,0,0,6,18,582144,3394032,-104.142,30.6762,,,,,,,,,,,,,,,,,,,,,,,,,,
D4,39,73,0,0,9,0,0,23,56,582761,3394015,-104.136,30.676,,,,,,,,,,,,,,,,,,,,,,,,,,
D40,107,62,0,0,0,0,0,9,22,582749,3394633,-104.136,30.6816,,,,,,,,,,,,,,,,,,,,,,,,,,
D41,97,26,0,0,0,0,0,23,54,582754,3395229,-104.136,30.687,,,,,,,,,,,,,,,,,,,,,,,,,,
D42,100,20,18,0,62,0,0,0,0,585145,3396415,-104.111,30.6975,,,,,,,,,,,,,,,,,,,,,,,,,,
D43,168,24,0,0,0,0,0,5,4,583938,3396432,-104.124,30.6977,,,,,,,,,,,,,,,,,,,,,,,,,,
D44,0,4,0,0,0,0,0,98,99,583340,3395824,-104.13,30.6923,,,,,,,,,,,,,,,,,,,,,,,,,,
D45,117,83,0,0,0,0,0,0,0,583945,3395822,-104.124,30.6922,,,,,,,,,,,,,,,,,,,,,,,,,,
D46,149,42,0,0,0,0,0,6,3,583342,3396418,-104.13,30.6977,,,,,,,,,,,,,,,,,,,,,,,,,,
D47,6,47,0,0,0,0,0,65,82,582733,3396411,-104.136,30.6976,,,,,,,,,,,,,,,,,,,,,,,,,,
D48,0,64,0,0,26,0,0,67,44,582735,3395828,-104.136,30.6924,,,,,,,,,,,,,,,,,,,,,,,,,,
D49,80,86,0,0,6,0,0,11,17,581559,3393421,-104.149,30.6707,,,,,,,,,,,,,,,,,,,,,,,,,,
D5,108,29,0,0,0,0,0,21,41,580353,3391010,-104.161,30.6491,,,,,,,,,,,,,,,,,,,,,,,,,,
D50,13,45,0,0,6,0,0,67,69,580937,3393414,-104.155,30.6707,,,,,,,,,,,,,,,,,,,,,,,,,,
D51,39,92,0,0,0,0,0,31,38,580938,3392836,-104.155,30.6655,,,,,,,,,,,,,,,,,,,,,,,,,,
D52,3,114,0,0,0,0,0,45,38,579745,3392220,-104.168,30.66,,,,,,,,,,,,,,,,,,,,,,,,,,
D54,67,88,0,0,0,0,0,30,16,581550,3394627,-104.149,30.6816,,,,,,,,,,,,,,,,,,,,,,,,,,
D55,68,68,0,0,0,0,0,22,41,581549,3395224,-104.149,30.687,,,,,,,,,,,,,,,,,,,,,,,,,,
D56,106,23,0,0,0,0,0,29,43,580941,3395218,-104.155,30.687,,,,,,,,,,,,,,,,,,,,,,,,,,
D57,0,168,0,0,0,0,0,19,13,580949,3394614,-104.155,30.6815,,,,,,,,,,,,,,,,,,,,,,,,,,
D58,126,74,0,0,0,0,0,0,0,583937,3391016,-104.124,30.6489,,,,,,,,,,,,,,,,,,,,,,,,,,
D59,138,35,0,0,0,0,0,10,18,584540,3395825,-104.117,30.6922,,,,,,,,,,,,,,,,,,,,,,,,,,
D6,181,19,0,0,0,0,0,0,0,579768,3390999,-104.167,30.649,,,,,,,,,,,,,,,,,,,,,,,,,,
D60,25,101,0,0,10,0,0,42,24,585140,3395814,-104.111,30.6921,,,,,,,,,,,,,,,,,,,,,,,,,,
D61,119,53,0,0,0,0,0,22,6,585149,3395231,-104.111,30.6868,,,,,,,,,,,,,,,,,,,,,,,,,,
D62,17,19,0,0,0,0,0,88,76,584522,3395233,-104.118,30.6869,,,,,,,,,,,,,,,,,,,,,,,,,,
D63,136,19,16,0,0,0,0,0,20,582146,3389826,-104.143,30.6383,,,,,,,,,,,,,,,,,,,,,,,,,,
D64,0,124,0,0,0,0,0,47,30,581542,3389817,-104.149,30.6382,,,,,,,,,,,,,,,,,,,,,,,,,,
D65,0,0,0,0,0,0,0,100,100,580941,3389815,-104.155,30.6382,,,,,,,,,,,,,,,,,,,,,,,,,,
D7,0,116,0,0,0,0,0,50,34,580365,3391595,-104.161,30.6543,,,,,,,,,,,,,,,,,,,,,,,,,,
D73,25,54,0,0,0,0,0,72,48,580344,3389816,-104.162,30.6383,,,,,,,,,,,,,,,,,,,,,,,,,,
D74,19,0,0,0,0,0,0,94,87,582142,3389221,-104.143,30.6328,,,,,,,,,,,,,,,,,,,,,,,,,,
D75,68,65,0,0,0,0,0,35,31,581542,3389219,-104.149,30.6328,,,,,,,,,,,,,,,,,,,,,,,,,,
D76,0,81,0,0,14,0,0,46,60,580940,3389237,-104.155,30.633,,,,,,,,,,,,,,,,,,,,,,,,,,
D77,80,35,0,0,0,0,0,65,21,580339,3389217,-104.162,30.6329,,,,,,,,,,,,,,,,,,,,,,,,,,
D78,22,19,0,0,0,0,0,78,81,580938,3396424,-104.155,30.6979,,,,,,,,,,,,,,,,,,,,,,,,,,
D79,25,78,0,0,0,0,0,35,23,581540,3396412,-104.149,30.6977,,,,,,,,,,,,,,,,,,,,,,,,,,
D8,0,33,0,0,0,0,0,85,81,579763,3391574,-104.167,30.6542,,,,,,,,,,,,,,,,,,,,,,,,,,
D80,62,61,0,0,0,0,0,46,32,582140,3396421,-104.142,30.6978,,,,,,,,,,,,,,,,,,,,,,,,,,
D81,55,39,0,0,12,0,0,44,50,582139,3395826,-104.142,30.6924,,,,,,,,,,,,,,,,,,,,,,,,,,
D82,100,22,0,0,0,0,0,40,39,581546,3395821,-104.149,30.6924,,,,,,,,,,,,,,,,,,,,,,,,,,
D83,115,46,0,0,0,0,0,21,19,580939,3395822,-104.155,30.6924,,,,,,,,,,,,,,,,,,,,,,,,,,
D84,0,64,0,0,31,0,0,53,53,580342,3392821,-104.161,30.6654,,,,,,,,,,,,,,,,,,,,,,,,,,
D85,0,200,0,0,0,0,0,0,0,579132,3392221,-104.174,30.6601,,,,,,,,,,,,,,,,,,,,,,,,,,
D86,48,27,0,0,0,0,0,70,55,579145,3392821,-104.174,30.6655,,,,,,,,,,,,,,,,,,,,,,,,,,
D87,42,53,54,0,0,0,0,32,19,579754,3392821,-104.167,30.6654,,,,,,,,,,,,,,,,,,,,,,,,,,
D88,99,16,0,0,0,0,0,55,31,579137,3393406,-104.174,30.6708,,,,,,,,,,,,,,,,,,,,,,,,,,
D89,38,67,0,0,0,0,0,52,43,578542,3393419,-104.18,30.6709,,,,,,,,,,,,,,,,,,,,,,,,,,
D9,18,126,0,0,0,0,0,8,6,580345,3392258,-104.161,30.6603,,,,,,,,,,,,,,,,,,,,,,,,,,
D90,6,25,0,0,0,0,0,83,87,577942,3393412,-104.186,30.6709,,,,,,,,,,,,,,,,,,,,,,,,,,
D91,0,85,0,0,0,0,0,50,66,577941,3392824,-104.186,30.6656,,,,,,,,,,,,,,,,,,,,,,,,,,
D92,125,35,0,0,0,0,0,15,25,578545,3392822,-104.18,30.6655,,,,,,,,,,,,,,,,,,,,,,,,,,
D93,189,11,0,0,0,0,0,0,0,580342,3395219,-104.161,30.687,,,,,,,,,,,,,,,,,,,,,,,,,,
D94,104,39,0,0,0,0,0,31,26,582131,3395219,-104.142,30.6869,,,,,,,,,,,,,,,,,,,,,,,,,,
D95,77,73,0,0,0,0,1,24,19,581543,3397621,-104.148,30.7086,,,,,,,,,,,,,,,,,,,,,,,,,,
D96,128,8,0,0,0,0,0,29,36,582136,3397624,-104.142,30.7086,,,,,,,,,,,,,,,,,,,,,,,,,,
